Datetime,Water Level (m)
2026-10-06 00:00:00,-0.0005596353
2026-10-06 01:00:00,-0.00070904667
2026-10-06 02:00:00,-0.0007217192
2026-10-06 03:00:00,-0.0005826123
2026-10-06 04:00:00,-0.0004274321
2026-10-06 05:00:00,-0.00033009585
2026-10-06 06:00:00,-0.0002409814
2026-10-06 07:00:00,-0.00016515753
2026-10-06 08:00:00,-0.00010920607
2026-10-06 09:00:00,-0.0001064708
2026-10-06 10:00:00,-0.00024474697
2026-10-06 11:00:00,-0.00039336798
2026-10-06 12:00:00,-0.00051129813
2026-10-06 13:00:00,-0.00059864216
2026-10-06 14:00:00,-0.0006323074
2026-10-06 15:00:00,-0.0005727166
2026-10-06 16:00:00,-0.000445082
2026-10-06 17:00:00,-0.00034857343
2026-10-06 18:00:00,-0.0002662608
2026-10-06 19:00:00,-0.00018762868
2026-10-06 20:00:00,-0.000119967524
2026-10-06 21:00:00,-9.713388e-05
2026-10-06 22:00:00,-0.00019736218
2026-10-06 23:00:00,-0.00038127252
2026-10-07 00:00:00,-0.0005442661
2026-10-07 01:00:00,-0.0007360604
2026-10-07 02:00:00,-0.0008316898
2026-10-07 03:00:00,-0.00076185225
2026-10-07 04:00:00,-0.00056164066
2026-10-07 05:00:00,-0.00042161145
2026-10-07 06:00:00,-0.00032458795
2026-10-07 07:00:00,-0.00023510991
2026-10-07 08:00:00,-0.00015836608
2026-10-07 09:00:00,-0.00010166148
2026-10-07 10:00:00,-0.00010028011
2026-10-07 11:00:00,-0.00025392335
2026-10-07 12:00:00,-0.00044334153
2026-10-07 13:00:00,-0.00061421416
2026-10-07 14:00:00,-0.00076768844
2026-10-07 15:00:00,-0.0008016333
2026-10-07 16:00:00,-0.0006649613
2026-10-07 17:00:00,-0.00046462798
2026-10-07 18:00:00,-0.00035972544
2026-10-07 19:00:00,-0.0002707868
2026-10-07 20:00:00,-0.00018835535
2026-10-07 21:00:00,-0.0001163896
2026-10-07 22:00:00,-0.00010204237
2026-10-07 23:00:00,-0.00022100739
2026-10-08 00:00:00,-0.00042556337
2026-10-08 01:00:00,-0.0006324902
2026-10-08 02:00:00,-0.0008458362
2026-10-08 03:00:00,-0.0008971366
2026-10-08 04:00:00,-0.0007753947
2026-10-08 05:00:00,-0.0005409307
2026-10-08 06:00:00,-0.00041251554
2026-10-08 07:00:00,-0.00031946306
2026-10-08 08:00:00,-0.00023601876
2026-10-08 09:00:00,-0.00016816908
2026-10-08 10:00:00,-0.00013710256
2026-10-08 11:00:00,-0.00014989762
2026-10-08 12:00:00,-0.00035939715
2026-10-08 13:00:00,-0.00055285293
2026-10-08 14:00:00,-0.0007887669
2026-10-08 15:00:00,-0.0009398999
2026-10-08 16:00:00,-0.00090407184
2026-10-08 17:00:00,-0.00068770384
2026-10-08 18:00:00,-0.00048781245
2026-10-08 19:00:00,-0.00038113486
2026-10-08 20:00:00,-0.0002854356
2026-10-08 21:00:00,-0.00019883175
2026-10-08 22:00:00,-0.00012245456
2026-10-08 23:00:00,-0.00010347332
2026-10-09 00:00:00,-0.00028542348
2026-10-09 01:00:00,-0.0005121376
2026-10-09 02:00:00,-0.0007765235
2026-10-09 03:00:00,-0.0009617974
2026-10-09 04:00:00,-0.0009388602
2026-10-09 05:00:00,-0.0007295965
2026-10-09 06:00:00,-0.0005012444
2026-10-09 07:00:00,-0.00039006068
2026-10-09 08:00:00,-0.00030208725
2026-10-09 09:00:00,-0.00022687521
2026-10-09 10:00:00,-0.00015081505
2026-10-09 11:00:00,-0.00012374896
2026-10-09 12:00:00,-0.00020549382
2026-10-09 13:00:00,-0.00045043722
2026-10-09 14:00:00,-0.0006947716
2026-10-09 15:00:00,-0.0009571901
2026-10-09 16:00:00,-0.0010429828
2026-10-09 17:00:00,-0.0009021819
2026-10-09 18:00:00,-0.0006304867
2026-10-09 19:00:00,-0.00046583285
2026-10-09 20:00:00,-0.00035742632
2026-10-09 21:00:00,-0.00026287473
2026-10-09 22:00:00,-0.00017902163
2026-10-09 23:00:00,-0.00011255908
2026-10-10 00:00:00,-0.00013585499
2026-10-10 01:00:00,-0.00038972424
2026-10-10 02:00:00,-0.0006319423
2026-10-10 03:00:00,-0.0008875162
2026-10-10 04:00:00,-0.0009821495
2026-10-10 05:00:00,-0.00086745614
2026-10-10 06:00:00,-0.0006085484
2026-10-10 07:00:00,-0.00044554297
2026-10-10 08:00:00,-0.00034693224
2026-10-10 09:00:00,-0.00025600006
2026-10-10 10:00:00,-0.00017172175
2026-10-10 11:00:00,-0.00010584539
2026-10-10 12:00:00,-0.00010763368
2026-10-10 13:00:00,-0.00032576456
2026-10-10 14:00:00,-0.00057251257
2026-10-10 15:00:00,-0.0008911681
2026-10-10 16:00:00,-0.0011005446
2026-10-10 17:00:00,-0.0010637017
2026-10-10 18:00:00,-0.00082220003
2026-10-10 19:00:00,-0.0005610433
2026-10-10 20:00:00,-0.00043356573
2026-10-10 21:00:00,-0.00033530797
2026-10-10 22:00:00,-0.00024386987
2026-10-10 23:00:00,-0.0001593051
2026-10-11 00:00:00,-0.00010727075
2026-10-11 01:00:00,-0.00023837925
2026-10-11 02:00:00,-0.00049340824
2026-10-11 03:00:00,-0.0007306396
2026-10-11 04:00:00,-0.00092731236
2026-10-11 05:00:00,-0.00092737
2026-10-11 06:00:00,-0.0007244536
2026-10-11 07:00:00,-0.0004849095
2026-10-11 08:00:00,-0.00037324752
2026-10-11 09:00:00,-0.00027000086
2026-10-11 10:00:00,-0.00018531838
2026-10-11 11:00:00,-0.00010890403
2026-10-11 12:00:00,-9.1100825e-05
2026-10-11 13:00:00,-0.00015357621
2026-10-11 14:00:00,-0.00041216562
2026-10-11 15:00:00,-0.000691008
2026-10-11 16:00:00,-0.0009998322
2026-10-11 17:00:00,-0.0011074964
2026-10-11 18:00:00,-0.0009538206
2026-10-11 19:00:00,-0.0006522156
2026-10-11 20:00:00,-0.0004751697
2026-10-11 21:00:00,-0.00037164259
2026-10-11 22:00:00,-0.0002757425
2026-10-11 23:00:00,-0.00018896411
2026-10-12 00:00:00,-0.00011631513
